DATE,Start (ET),AWAY,HOME,Arena
10/22/2024,7:30p,NYK,BOS,TD Garden
10/22/2024,10:00p,MIN,LAL,Crypto.com Arena
10/23/2024,7:00p,IND,DET,Little Caesars Arena
10/23/2024,7:30p,BRK,ATL,State Farm Arena
10/23/2024,7:30p,ORL,MIA,Kaseya Center
10/23/2024,7:30p,MIL,PHI,Wells Fargo Center
10/23/2024,7:30p,CLE,TOR,Scotiabank Arena
10/23/2024,8:00p,CHO,HOU,Toyota Center
10/23/2024,8:00p,CHI,NOP,Smoothie King Center
10/23/2024,9:00p,MEM,UTA,Delta Center
10/23/2024,10:00p,PHO,LAC,Intuit Dome
10/23/2024,10:00p,GSW,POR,Moda Center
10/24/2024,7:00p,BOS,WAS,Capital One Arena
10/24/2024,7:30p,SAS,DAL,American Airlines Center
10/24/2024,10:00p,MIN,SAC,Golden 1 Center
10/24/2024,10:00p,OKC,DEN,Ball Arena
10/25/2024,7:00p,BRK,ORL,Kia Center
10/25/2024,7:00p,PHI,TOR,Scotiabank Arena
10/25/2024,7:30p,CHO,ATL,State Farm Arena
10/25/2024,7:30p,DET,CLE,Rocket Mortgage Fieldhouse
10/25/2024,7:30p,IND,NYK,Madison Square Garden (IV)
10/25/2024,8:00p,MEM,HOU,Toyota Center
10/25/2024,8:00p,CHI,MIL,Fiserv Forum
10/25/2024,9:30p,GSW,UTA,Delta Center
10/25/2024,10:00p,PHO,LAL,Crypto.com Arena
10/25/2024,10:00p,NOP,POR,Moda Center
10/26/2024,5:00p,LAC,DEN,Ball Arena
10/26/2024,7:00p,CLE,WAS,Capital One Arena
10/26/2024,7:00p,BOS,DET,Little Caesars Arena
10/26/2024,7:00p,MIA,CHO,Spectrum Center
10/26/2024,8:00p,ORL,MEM,FedEx Forum
10/26/2024,8:00p,TOR,MIN,Target Center
10/26/2024,8:00p,OKC,CHI,United Center
10/26/2024,8:30p,HOU,SAS,Frost Bank Center
10/26/2024,10:00p,DAL,PHO,Footprint Center
10/26/2024,10:30p,SAC,LAL,Crypto.com Arena
10/27/2024,3:30p,PHI,IND,Gainbridge Fieldhouse
10/27/2024,6:00p,NOP,POR,Moda Center
10/27/2024,6:00p,MIL,BRK,Barclays Center
10/27/2024,7:00p,ATL,OKC,Paycom Center
10/27/2024,8:30p,LAC,GSW,Chase Center
10/28/2024,7:00p,IND,ORL,Kia Center
10/28/2024,7:30p,WAS,ATL,State Farm Arena
10/28/2024,7:30p,MIL,BOS,TD Garden
10/28/2024,7:30p,DEN,TOR,Scotiabank Arena
10/28/2024,7:30p,DET,MIA,Kaseya Center
10/28/2024,7:30p,CLE,NYK,Madison Square Garden (IV)
10/28/2024,8:00p,HOU,SAS,Frost Bank Center
10/28/2024,8:00p,CHI,MEM,FedEx Forum
10/28/2024,8:30p,UTA,DAL,American Airlines Center
10/28/2024,10:00p,POR,SAC,Golden 1 Center
10/28/2024,10:00p,LAL,PHO,Footprint Center
10/29/2024,7:30p,DEN,BRK,Barclays Center
10/29/2024,7:30p,DAL,MIN,Target Center
10/29/2024,9:00p,SAC,UTA,Delta Center
10/29/2024,10:00p,NOP,GSW,Chase Center
10/30/2024,7:00p,DET,PHI,Wells Fargo Center
10/30/2024,7:00p,ATL,WAS,Capital One Arena
10/30/2024,7:00p,BOS,IND,Gainbridge Fieldhouse
10/30/2024,7:00p,LAL,CLE,Rocket Mortgage Fieldhouse
10/30/2024,7:00p,TOR,CHO,Spectrum Center
10/30/2024,7:30p,NYK,MIA,Kaseya Center
10/30/2024,8:00p,ORL,CHI,United Center
10/30/2024,8:00p,BRK,MEM,FedEx Forum
10/30/2024,9:30p,SAS,OKC,Paycom Center
10/30/2024,10:00p,NOP,GSW,Chase Center
10/30/2024,10:30p,POR,LAC,Intuit Dome
10/31/2024,8:00p,MIL,MEM,FedEx Forum
10/31/2024,8:30p,HOU,DAL,American Airlines Center
10/31/2024,9:00p,SAS,UTA,Delta Center
10/31/2024,10:30p,PHO,LAC,Intuit Dome
11/1/2024,7:00p,BOS,CHO,Spectrum Center
11/1/2024,7:00p,ORL,CLE,Rocket Mortgage Fieldhouse
11/1/2024,7:00p,NYK,DET,Little Caesars Arena
11/1/2024,7:30p,SAC,ATL,State Farm Arena
11/1/2024,7:30p,CHI,BRK,Barclays Center
11/1/2024,7:30p,LAL,TOR,Scotiabank Arena
11/1/2024,8:00p,IND,NOP,Smoothie King Center
11/1/2024,9:30p,DEN,MIN,Target Center
11/1/2024,10:00p,OKC,POR,Moda Center
11/2/2024,6:00p,BOS,CHO,Spectrum Center
11/2/2024,7:30p,MEM,PHI,Wells Fargo Center
11/2/2024,7:30p,SAC,TOR,Scotiabank Arena
11/2/2024,8:00p,GSW,HOU,Toyota Center
11/2/2024,8:00p,CLE,MIL,Fiserv Forum
11/2/2024,8:00p,MIN,SAS,Frost Bank Center
11/2/2024,9:30p,MIA,WAS,Mexico City Arena
11/2/2024,10:00p,UTA,DEN,Ball Arena
11/2/2024,10:00p,POR,PHO,Footprint Center
11/2/2024,10:30p,OKC,LAC,Intuit Dome
11/3/2024,3:30p,DET,BRK,Barclays Center
11/3/2024,7:00p,ATL,NOP,Smoothie King Center
11/3/2024,7:30p,ORL,DAL,American Airlines Center
11/4/2024,7:00p,MIL,CLE,Rocket Mortgage Fieldhouse
11/4/2024,7:15p,GSW,WAS,Capital One Arena
11/4/2024,7:30p,LAL,DET,Little Caesars Arena
11/4/2024,7:45p,BOS,ATL,State Farm Arena
11/4/2024,8:00p,MEM,BRK,Barclays Center
11/4/2024,8:15p,SAC,MIA,Kaseya Center
11/4/2024,8:30p,UTA,CHI,United Center
11/4/2024,8:45p,NYK,HOU,Toyota Center
11/4/2024,9:00p,CHO,MIN,Target Center
11/4/2024,9:15p,ORL,OKC,Paycom Center
11/4/2024,9:30p,POR,NOP,Smoothie King Center
11/4/2024,9:45p,IND,DAL,American Airlines Center
11/4/2024,10:00p,TOR,DEN,Ball Arena
11/4/2024,10:15p,PHI,PHO,Footprint Center
11/4/2024,10:30p,SAS,LAC,Intuit Dome
11/6/2024,7:00p,DET,CHO,Spectrum Center
11/6/2024,7:00p,ORL,IND,Gainbridge Fieldhouse
11/6/2024,7:30p,NYK,ATL,State Farm Arena
11/6/2024,7:30p,GSW,BOS,TD Garden
11/6/2024,8:00p,SAS,HOU,Toyota Center
11/6/2024,8:00p,LAL,MEM,FedEx Forum
11/6/2024,8:00p,CLE,NOP,Smoothie King Center
11/6/2024,8:30p,CHI,DAL,American Airlines Center
11/6/2024,9:00p,OKC,DEN,Ball Arena
11/6/2024,9:00p,MIA,PHO,Footprint Center
11/6/2024,10:00p,PHI,LAC,Intuit Dome
11/6/2024,10:00p,TOR,SAC,Golden 1 Center
11/7/2024,8:00p,MIN,CHI,United Center
11/7/2024,8:00p,UTA,MIL,Fiserv Forum
11/7/2024,8:00p,POR,SAS,Frost Bank Center
11/8/2024,7:00p,IND,CHO,Spectrum Center
11/8/2024,7:00p,ATL,DET,Little Caesars Arena
11/8/2024,7:00p,NOP,ORL,Kia Center
11/8/2024,7:30p,BRK,BOS,TD Garden
11/8/2024,7:30p,GSW,CLE,Rocket Mortgage Fieldhouse
11/8/2024,7:30p,PHO,DAL,American Airlines Center
11/8/2024,7:30p,MIL,NYK,Madison Square Garden (IV)
11/8/2024,8:00p,WAS,MEM,FedEx Forum
11/8/2024,8:00p,HOU,OKC,Paycom Center
11/8/2024,9:00p,MIA,DEN,Ball Arena
11/8/2024,9:00p,POR,MIN,Target Center
11/8/2024,10:00p,PHI,LAL,Crypto.com Arena
11/8/2024,10:00p,LAC,SAC,Golden 1 Center
11/9/2024,5:00p,UTA,SAS,Frost Bank Center
11/9/2024,7:30p,CHI,ATL,State Farm Arena
11/9/2024,7:30p,BRK,CLE,Rocket Mortgage Fieldhouse
11/9/2024,10:30p,TOR,LAC,Intuit Dome
11/10/2024,3:00p,HOU,DET,Little Caesars Arena
11/10/2024,3:30p,BOS,MIL,Fiserv Forum
11/10/2024,5:00p,NYK,IND,Gainbridge Fieldhouse
11/10/2024,6:00p,WAS,ORL,Kia Center
11/10/2024,7:00p,MIA,MIN,Target Center
11/10/2024,7:00p,GSW,OKC,Paycom Center
11/10/2024,7:00p,CHO,PHI,Wells Fargo Center
11/10/2024,8:00p,DAL,DEN,Ball Arena
11/10/2024,8:00p,SAC,PHO,Footprint Center
11/10/2024,9:00p,MEM,POR,Moda Center
11/10/2024,9:30p,TOR,LAL,Crypto.com Arena
11/11/2024,8:00p,CLE,CHI,United Center
11/11/2024,8:00p,WAS,HOU,Toyota Center
11/11/2024,8:00p,BRK,NOP,Smoothie King Center
11/11/2024,8:00p,LAC,OKC,Paycom Center
11/11/2024,8:00p,SAC,SAS,Frost Bank Center
11/12/2024,7:00p,ATL,BOS,TD Garden
11/12/2024,7:00p,MIA,DET,Little Caesars Arena
11/12/2024,7:00p,CHO,ORL,Kia Center
11/12/2024,7:30p,NYK,PHI,Wells Fargo Center
11/12/2024,8:00p,TOR,MIL,Fiserv Forum
11/12/2024,9:00p,PHO,UTA,Delta Center
11/12/2024,10:00p,DAL,GSW,Chase Center
11/12/2024,10:00p,MIN,POR,Moda Center
11/13/2024,7:00p,IND,ORL,Kia Center
11/13/2024,7:30p,BOS,BRK,Barclays Center
11/13/2024,7:30p,CHI,NYK,Madison Square Garden (IV)
11/13/2024,7:30p,NOP,OKC,Paycom Center
11/13/2024,7:30p,CLE,PHI,Wells Fargo Center
11/13/2024,8:00p,LAC,HOU,Toyota Center
11/13/2024,8:00p,DET,MIL,Fiserv Forum
11/13/2024,8:00p,WAS,SAS,Frost Bank Center
11/13/2024,10:00p,MEM,LAL,Crypto.com Arena
11/13/2024,10:00p,MIN,POR,Moda Center
11/13/2024,10:00p,PHO,SAC,Golden 1 Center
11/14/2024,9:00p,DAL,UTA,Delta Center
11/15/2024,7:00p,MIA,IND,Gainbridge Fieldhouse
11/15/2024,7:00p,PHI,ORL,Kia Center
11/15/2024,7:00p,DET,TOR,Scotiabank Arena
11/15/2024,7:30p,WAS,ATL,State Farm Arena
11/15/2024,7:30p,CHI,CLE,Rocket Mortgage Fieldhouse
11/15/2024,7:30p,BRK,NYK,Madison Square Garden (IV)
11/15/2024,7:30p,LAL,SAS,Frost Bank Center
11/15/2024,8:00p,LAC,HOU,Toyota Center
11/15/2024,8:00p,DEN,NOP,Smoothie King Center
11/15/2024,8:00p,PHO,OKC,Paycom Center
11/15/2024,10:00p,MEM,GSW,Chase Center
11/15/2024,10:00p,MIN,SAC,Golden 1 Center
11/16/2024,3:00p,MIL,CHO,Spectrum Center
11/16/2024,8:00p,TOR,BOS,TD Garden
11/16/2024,8:00p,LAL,NOP,Smoothie King Center
11/16/2024,8:30p,SAS,DAL,American Airlines Center
11/16/2024,10:00p,UTA,SAC,Golden 1 Center
11/17/2024,3:30p,PHO,MIN,Target Center
11/17/2024,5:00p,MIA,IND,Gainbridge Fieldhouse
11/17/2024,6:00p,CHO,CLE,Rocket Mortgage Fieldhouse
11/17/2024,6:00p,DEN,MEM,FedEx Forum
11/17/2024,6:00p,ATL,POR,Moda Center
11/17/2024,6:00p,DET,WAS,Capital One Arena
11/17/2024,7:00p,HOU,CHI,United Center
11/17/2024,7:00p,BRK,NYK,Madison Square Garden (IV)
11/17/2024,7:00p,DAL,OKC,Paycom Center
11/17/2024,9:00p,UTA,LAC,Intuit Dome
11/18/2024,7:00p,CHI,DET,Little Caesars Arena
11/18/2024,7:30p,PHI,MIA,Kaseya Center
11/18/2024,7:30p,WAS,NYK,Madison Square Garden (IV)
11/18/2024,7:30p,IND,TOR,Scotiabank Arena
11/18/2024,8:00p,HOU,MIL,Fiserv Forum
11/18/2024,9:00p,ORL,PHO,Footprint Center
11/18/2024,10:00p,ATL,SAC,Golden 1 Center
11/18/2024,10:30p,GSW,LAC,Intuit Dome
11/19/2024,7:00p,CLE,BOS,TD Garden
11/19/2024,7:30p,CHO,BRK,Barclays Center
11/19/2024,8:00p,DEN,MEM,FedEx Forum
11/19/2024,8:30p,NOP,DAL,American Airlines Center
11/19/2024,9:30p,OKC,SAS,Frost Bank Center
11/19/2024,10:30p,UTA,LAL,Crypto.com Arena
11/20/2024,7:30p,NOP,CLE,Rocket Mortgage Fieldhouse
11/20/2024,7:30p,CHI,MIL,Fiserv Forum
11/20/2024,8:00p,IND,HOU,Toyota Center
11/20/2024,8:00p,PHI,MEM,FedEx Forum
11/20/2024,8:00p,POR,OKC,Paycom Center
11/20/2024,10:00p,ATL,GSW,Chase Center
11/20/2024,10:00p,NYK,PHO,Footprint Center
11/20/2024,10:30p,ORL,LAC,Intuit Dome
11/21/2024,7:00p,DET,CHO,Spectrum Center
11/21/2024,7:30p,MIN,TOR,Scotiabank Arena
11/21/2024,8:00p,UTA,SAS,Frost Bank Center
11/21/2024,10:30p,ORL,LAL,Crypto.com Arena
11/22/2024,7:00p,BRK,PHI,Wells Fargo Center
11/22/2024,7:00p,BOS,WAS,Capital One Arena
11/22/2024,7:30p,IND,MIL,Fiserv Forum
11/22/2024,8:00p,ATL,CHI,United Center
11/22/2024,8:00p,POR,HOU,Toyota Center
11/22/2024,8:00p,GSW,NOP,Smoothie King Center
11/22/2024,10:00p,DAL,DEN,Ball Arena
11/22/2024,10:30p,SAC,LAC,Intuit Dome
11/23/2024,5:00p,NYK,UTA,Delta Center
11/23/2024,7:00p,DET,ORL,Kia Center
11/23/2024,8:00p,MEM,CHI,United Center
11/23/2024,8:00p,POR,HOU,Toyota Center
11/23/2024,8:00p,CHO,MIL,Fiserv Forum
11/23/2024,8:30p,GSW,SAS,Frost Bank Center
11/23/2024,10:30p,DEN,LAL,Crypto.com Arena
11/24/2024,3:30p,MIN,BOS,TD Garden
11/24/2024,5:00p,WAS,IND,Gainbridge Fieldhouse
11/24/2024,6:00p,DAL,MIA,Kaseya Center
11/24/2024,6:00p,LAC,PHI,Wells Fargo Center
11/24/2024,7:30p,TOR,CLE,Rocket Mortgage Fieldhouse
11/24/2024,9:00p,BRK,SAC,Golden 1 Center
11/25/2024,7:00p,ORL,CHO,Spectrum Center
11/25/2024,7:00p,TOR,DET,Little Caesars Arena
11/25/2024,7:00p,NOP,IND,Gainbridge Fieldhouse
11/25/2024,7:30p,DAL,ATL,State Farm Arena
11/25/2024,7:30p,LAC,BOS,TD Garden
11/25/2024,8:00p,POR,MEM,FedEx Forum
11/25/2024,9:00p,NYK,DEN,Ball Arena
11/25/2024,10:00p,BRK,GSW,Chase Center
11/25/2024,10:00p,OKC,SAC,Golden 1 Center
11/26/2024,7:00p,CHI,WAS,Capital One Arena
11/26/2024,7:30p,MIL,MIA,Kaseya Center
11/26/2024,8:00p,HOU,MIN,Target Center
11/26/2024,9:00p,SAS,UTA,Delta Center
11/26/2024,10:00p,LAL,PHO,Footprint Center
11/27/2024,7:00p,MIA,CHO,Spectrum Center
11/27/2024,7:00p,ATL,CLE,Rocket Mortgage Fieldhouse
11/27/2024,7:00p,POR,IND,Gainbridge Fieldhouse
11/27/2024,7:00p,CHI,ORL,Kia Center
11/27/2024,7:00p,HOU,PHI,Wells Fargo Center
11/27/2024,7:00p,LAC,WAS,Capital One Arena
11/27/2024,7:30p,NYK,DAL,American Airlines Center
11/27/2024,8:00p,DET,MEM,FedEx Forum
11/27/2024,8:00p,SAC,MIN,Target Center
11/27/2024,8:00p,TOR,NOP,Smoothie King Center
11/27/2024,8:30p,LAL,SAS,Frost Bank Center
11/27/2024,9:00p,BRK,PHO,Footprint Center
11/27/2024,9:00p,DEN,UTA,Delta Center
11/27/2024,10:00p,OKC,GSW,Chase Center
11/29/2024,12:00p,NYK,CHO,Spectrum Center
11/29/2024,2:30p,CLE,ATL,State Farm Arena
11/29/2024,5:00p,NOP,MEM,FedEx Forum
11/29/2024,7:30p,ORL,BRK,Barclays Center
11/29/2024,7:30p,LAC,MIN,Target Center
11/29/2024,8:00p,BOS,CHI,United Center
11/29/2024,8:00p,DET,IND,Gainbridge Fieldhouse
11/29/2024,8:00p,TOR,MIA,Kaseya Center
11/29/2024,10:00p,OKC,LAL,Crypto.com Arena
11/29/2024,10:00p,SAC,POR,Moda Center
11/30/2024,6:00p,ATL,CHO,Spectrum Center
11/30/2024,7:00p,PHI,DET,Little Caesars Arena
11/30/2024,8:00p,WAS,MIL,Fiserv Forum
11/30/2024,9:00p,GSW,PHO,Footprint Center
11/30/2024,9:30p,DAL,UTA,Delta Center
12/1/2024,3:30p,ORL,BRK,Barclays Center
12/1/2024,3:30p,IND,MEM,FedEx Forum
12/1/2024,6:00p,BOS,CLE,Rocket Mortgage Fieldhouse
12/1/2024,6:00p,NOP,NYK,Madison Square Garden (IV)
12/1/2024,6:00p,MIA,TOR,Scotiabank Arena
12/1/2024,7:00p,OKC,HOU,Toyota Center
12/1/2024,8:00p,LAL,UTA,Delta Center
12/1/2024,9:00p,DAL,POR,Moda Center
12/1/2024,9:00p,SAS,SAC,Golden 1 Center
12/1/2024,10:00p,DEN,LAC,Intuit Dome
12/2/2024,7:30p,NOP,ATL,State Farm Arena
12/2/2024,7:30p,MIA,BOS,TD Garden
12/2/2024,8:00p,BRK,CHI,United Center
12/2/2024,8:00p,LAL,MIN,Target Center
12/3/2024,7:00p,PHI,CHO,Spectrum Center
12/3/2024,7:00p,WAS,CLE,Rocket Mortgage Fieldhouse
12/3/2024,7:00p,MIL,DET,Little Caesars Arena
12/3/2024,7:30p,ORL,NYK,Madison Square Garden (IV)
12/3/2024,7:30p,IND,TOR,Scotiabank Arena
12/3/2024,8:00p,UTA,OKC,Paycom Center
12/3/2024,8:30p,MEM,DAL,American Airlines Center
12/3/2024,9:00p,SAS,PHO,Footprint Center
12/3/2024,10:00p,GSW,DEN,Ball Arena
12/3/2024,10:00p,HOU,SAC,Golden 1 Center
12/3/2024,10:30p,POR,LAC,Intuit Dome
12/4/2024,7:30p,DET,BOS,TD Garden
12/4/2024,7:30p,IND,BRK,Barclays Center
12/4/2024,7:30p,LAL,MIA,Kaseya Center
12/4/2024,7:30p,ORL,PHI,Wells Fargo Center
12/4/2024,8:00p,ATL,MIL,Fiserv Forum
12/4/2024,10:30p,MIN,LAC,Intuit Dome
12/5/2024,7:00p,DEN,CLE,Rocket Mortgage Fieldhouse
12/5/2024,7:00p,DAL,WAS,Capital One Arena
12/5/2024,7:30p,CHO,NYK,Madison Square Garden (IV)
12/5/2024,7:30p,OKC,TOR,Scotiabank Arena
12/5/2024,8:00p,SAC,MEM,FedEx Forum
12/5/2024,8:00p,PHO,NOP,Smoothie King Center
12/5/2024,8:00p,CHI,SAS,Frost Bank Center
12/5/2024,10:00p,HOU,GSW,Chase Center
12/6/2024,7:00p,ORL,PHI,Wells Fargo Center
12/6/2024,7:30p,LAL,ATL,State Farm Arena
12/6/2024,7:30p,MIL,BOS,TD Garden
12/6/2024,8:00p,IND,CHI,United Center
12/6/2024,8:00p,SAC,SAS,Frost Bank Center
12/6/2024,10:00p,MIN,GSW,Chase Center
12/6/2024,10:00p,UTA,POR,Moda Center
12/7/2024,1:00p,CLE,CHO,Spectrum Center
12/7/2024,7:00p,OKC,NOP,Smoothie King Center
12/7/2024,7:00p,DEN,WAS,Capital One Arena
12/7/2024,7:30p,DET,NYK,Madison Square Garden (IV)
12/7/2024,7:30p,DAL,TOR,Scotiabank Arena
12/7/2024,8:00p,MEM,BOS,TD Garden
12/7/2024,8:00p,PHO,MIA,Kaseya Center
12/8/2024,1:00p,PHI,CHI,United Center
12/8/2024,3:30p,MIL,BRK,Barclays Center
12/8/2024,5:00p,CHO,IND,Gainbridge Fieldhouse
12/8/2024,6:00p,DEN,ATL,State Farm Arena
12/8/2024,6:00p,CLE,MIA,Kaseya Center
12/8/2024,6:30p,PHO,ORL,Kia Center
12/8/2024,7:00p,NOP,SAS,Frost Bank Center
12/8/2024,7:00p,MEM,WAS,Capital One Arena
12/8/2024,8:30p,MIN,GSW,Chase Center
12/8/2024,9:00p,HOU,LAC,Intuit Dome
12/8/2024,9:00p,UTA,SAC,Golden 1 Center
12/8/2024,9:30p,POR,LAL,Crypto.com Arena
12/9/2024,7:30p,NYK,TOR,Scotiabank Arena
12/19/2024,7:00p,UTA,DET,Little Caesars Arena
12/19/2024,7:00p,OKC,ORL,Kia Center
12/19/2024,7:00p,CHO,WAS,Capital One Arena
12/19/2024,7:30p,CHI,BOS,TD Garden
12/19/2024,7:30p,BRK,TOR,Scotiabank Arena
12/19/2024,8:00p,NOP,HOU,Toyota Center
12/19/2024,8:00p,GSW,MEM,FedEx Forum
12/19/2024,8:00p,NYK,MIN,Target Center
12/19/2024,8:30p,LAC,DAL,American Airlines Center
12/19/2024,9:00p,IND,PHO,Footprint Center
12/19/2024,9:30p,ATL,SAS,Frost Bank Center
12/19/2024,10:00p,DEN,POR,Moda Center
12/19/2024,10:00p,LAL,SAC,Golden 1 Center
12/20/2024,7:00p,CHO,PHI,Wells Fargo Center
12/20/2024,7:30p,MIL,CLE,Rocket Mortgage Fieldhouse
12/20/2024,8:00p,OKC,MIA,Kaseya Center
12/21/2024,6:00p,LAL,SAC,Golden 1 Center
12/21/2024,7:00p,MIA,ORL,Kia Center
12/21/2024,7:30p,MEM,ATL,State Farm Arena
12/21/2024,7:30p,UTA,BRK,Barclays Center
12/21/2024,8:00p,BOS,CHI,United Center
12/21/2024,8:00p,PHI,CLE,Rocket Mortgage Fieldhouse
12/21/2024,8:00p,WAS,MIL,Fiserv Forum
12/21/2024,8:00p,GSW,MIN,Target Center
12/21/2024,8:00p,NYK,NOP,Smoothie King Center
12/21/2024,8:30p,LAC,DAL,American Airlines Center
12/21/2024,8:30p,POR,SAS,Frost Bank Center
12/21/2024,9:00p,DET,PHO,Footprint Center
12/22/2024,6:00p,IND,SAC,Golden 1 Center
12/22/2024,6:00p,HOU,TOR,Scotiabank Arena
12/22/2024,7:00p,DEN,NOP,Smoothie King Center
12/23/2024,7:00p,HOU,CHO,Spectrum Center
12/23/2024,7:00p,UTA,CLE,Rocket Mortgage Fieldhouse
12/23/2024,7:00p,BOS,ORL,Kia Center
12/23/2024,7:00p,SAS,PHI,Wells Fargo Center
12/23/2024,7:30p,MIN,ATL,State Farm Arena
12/23/2024,7:30p,BRK,MIA,Kaseya Center
12/23/2024,7:30p,TOR,NYK,Madison Square Garden (IV)
12/23/2024,8:00p,MIL,CHI,United Center
12/23/2024,8:00p,LAC,MEM,FedEx Forum
12/23/2024,8:00p,WAS,OKC,Paycom Center
12/23/2024,8:30p,POR,DAL,American Airlines Center
12/23/2024,10:00p,PHO,DEN,Ball Arena
12/23/2024,10:00p,IND,GSW,Chase Center
12/23/2024,10:30p,DET,LAL,Crypto.com Arena
12/25/2024,12:00p,SAS,NYK,Madison Square Garden (IV)
12/25/2024,2:30p,MIN,DAL,American Airlines Center
12/25/2024,5:00p,PHI,BOS,TD Garden
12/25/2024,8:00p,LAL,GSW,Chase Center
12/25/2024,10:30p,DEN,PHO,Footprint Center
12/26/2024,7:00p,OKC,IND,Gainbridge Fieldhouse
12/26/2024,7:00p,MIA,ORL,Kia Center
12/26/2024,7:00p,CHO,WAS,Capital One Arena
12/26/2024,7:30p,CHI,ATL,State Farm Arena
12/26/2024,8:00p,TOR,MEM,FedEx Forum
12/26/2024,8:00p,BRK,MIL,Fiserv Forum
12/26/2024,8:00p,HOU,NOP,Smoothie King Center
12/26/2024,10:00p,UTA,POR,Moda Center
12/26/2024,10:00p,DET,SAC,Golden 1 Center
12/27/2024,7:00p,NYK,ORL,Kia Center
12/27/2024,7:30p,IND,BOS,TD Garden
12/27/2024,7:30p,SAS,BRK,Barclays Center
12/27/2024,8:00p,MIN,HOU,Toyota Center
12/27/2024,8:00p,MEM,NOP,Smoothie King Center
12/27/2024,9:00p,CLE,DEN,Ball Arena
12/27/2024,9:00p,DAL,PHO,Footprint Center
12/27/2024,10:00p,GSW,LAC,Intuit Dome
12/28/2024,3:00p,MIA,ATL,State Farm Arena
12/28/2024,6:00p,OKC,CHO,Spectrum Center
12/28/2024,7:00p,NYK,WAS,Capital One Arena
12/28/2024,8:00p,MIL,CHI,United Center
12/28/2024,8:30p,PHO,GSW,Chase Center
12/28/2024,9:00p,DET,DEN,Ball Arena
12/28/2024,9:30p,PHI,UTA,Delta Center
12/28/2024,10:00p,DAL,POR,Moda Center
12/28/2024,10:30p,SAC,LAL,Crypto.com Arena
12/29/2024,3:30p,BRK,ORL,Kia Center
12/29/2024,6:00p,IND,BOS,TD Garden
12/29/2024,6:00p,ATL,TOR,Scotiabank Arena
12/29/2024,7:00p,MIA,HOU,Toyota Center
12/29/2024,7:00p,MEM,OKC,Paycom Center
12/29/2024,8:00p,SAS,MIN,Target Center
12/30/2024,7:00p,CHI,CHO,Spectrum Center
12/30/2024,7:00p,NYK,WAS,Capital One Arena
12/30/2024,8:00p,LAC,NOP,Smoothie King Center
12/30/2024,9:00p,DEN,UTA,Delta Center
12/30/2024,10:00p,CLE,GSW,Chase Center
12/30/2024,10:00p,PHI,POR,Moda Center
12/30/2024,10:00p,DAL,SAC,Golden 1 Center
12/31/2024,3:00p,TOR,BOS,TD Garden
12/31/2024,3:00p,MIL,IND,Gainbridge Fieldhouse
12/31/2024,7:00p,LAC,SAS,Frost Bank Center
12/31/2024,8:00p,MIN,OKC,Paycom Center
12/31/2024,9:00p,CLE,LAL,Crypto.com Arena
12/31/2024,9:00p,MEM,PHO,Footprint Center
1/1/2025,7:00p,ORL,DET,Little Caesars Arena
1/1/2025,7:00p,CHI,WAS,Capital One Arena
1/1/2025,7:30p,NOP,MIA,Kaseya Center
1/1/2025,7:30p,UTA,NYK,Madison Square Garden (IV)
1/1/2025,7:30p,BRK,TOR,Scotiabank Arena
1/1/2025,8:00p,DAL,HOU,Toyota Center
1/1/2025,9:00p,ATL,DEN,Ball Arena
1/1/2025,10:00p,PHI,SAC,Golden 1 Center
1/2/2025,7:30p,IND,MIA,Kaseya Center
1/2/2025,7:30p,BOS,MIN,Target Center
1/2/2025,8:00p,BRK,MIL,Fiserv Forum
1/2/2025,8:00p,LAC,OKC,Paycom Center
1/2/2025,10:00p,PHI,GSW,Chase Center
1/2/2025,10:30p,POR,LAL,Crypto.com Arena
1/3/2025,7:00p,CHO,DET,Little Caesars Arena
1/3/2025,7:30p,ORL,TOR,Scotiabank Arena
1/3/2025,8:00p,BOS,HOU,Toyota Center
1/3/2025,8:00p,WAS,NOP,Smoothie King Center
1/3/2025,8:00p,NYK,OKC,Paycom Center
1/3/2025,8:30p,CLE,DAL,American Airlines Center
1/3/2025,9:00p,SAS,DEN,Ball Arena
1/3/2025,10:00p,MEM,SAC,Golden 1 Center
1/3/2025,10:30p,ATL,LAL,Crypto.com Arena
1/4/2025,6:00p,PHI,BRK,Barclays Center
1/4/2025,7:00p,MIN,DET,Little Caesars Arena
1/4/2025,7:00p,PHO,IND,Gainbridge Fieldhouse
1/4/2025,8:00p,NYK,CHI,United Center
1/4/2025,8:00p,UTA,MIA,Kaseya Center
1/4/2025,8:00p,POR,MIL,Fiserv Forum
1/4/2025,8:00p,DEN,SAS,Frost Bank Center
1/4/2025,8:30p,MEM,GSW,Chase Center
1/4/2025,10:30p,ATL,LAC,Intuit Dome
1/5/2025,3:30p,BOS,OKC,Paycom Center
1/5/2025,6:00p,CHO,CLE,Rocket Mortgage Fieldhouse
1/5/2025,6:00p,NOP,WAS,Capital One Arena
1/5/2025,6:30p,UTA,ORL,Kia Center
1/5/2025,7:00p,LAL,HOU,Toyota Center
1/5/2025,8:30p,SAC,GSW,Chase Center
1/6/2025,7:00p,POR,DET,Little Caesars Arena
1/6/2025,7:00p,PHO,PHI,Wells Fargo Center
1/6/2025,7:30p,IND,BRK,Barclays Center
1/6/2025,7:30p,ORL,NYK,Madison Square Garden (IV)
1/6/2025,7:30p,MIL,TOR,Scotiabank Arena
1/6/2025,8:00p,SAS,CHI,United Center
1/6/2025,8:00p,DAL,MEM,FedEx Forum
1/6/2025,8:00p,LAC,MIN,Target Center
1/6/2025,10:00p,MIA,SAC,Golden 1 Center
1/7/2025,7:00p,PHO,CHO,Spectrum Center
1/7/2025,7:00p,HOU,WAS,Capital One Arena
1/7/2025,7:30p,LAL,DAL,American Airlines Center
1/7/2025,8:00p,MIN,NOP,Smoothie King Center
1/7/2025,9:00p,ATL,UTA,Delta Center
1/7/2025,10:00p,BOS,DEN,Ball Arena
1/7/2025,10:00p,MIA,GSW,Chase Center
1/8/2025,7:00p,OKC,CLE,Rocket Mortgage Fieldhouse
1/8/2025,7:00p,CHI,IND,Gainbridge Fieldhouse
1/8/2025,7:00p,TOR,NYK,Madison Square Garden (IV)
1/8/2025,7:00p,WAS,PHI,Wells Fargo Center
1/8/2025,7:30p,DET,BRK,Barclays Center
1/8/2025,8:00p,POR,NOP,Smoothie King Center
1/8/2025,9:00p,LAC,DEN,Ball Arena
1/8/2025,9:30p,SAS,MIL,Fiserv Forum
1/9/2025,7:00p,TOR,CLE,Rocket Mortgage Fieldhouse
1/9/2025,7:00p,GSW,DET,Little Caesars Arena
1/9/2025,7:00p,MIN,ORL,Kia Center
1/9/2025,8:00p,HOU,MEM,FedEx Forum
1/9/2025,8:30p,POR,DAL,American Airlines Center
1/9/2025,9:00p,ATL,PHO,Footprint Center
1/9/2025,9:00p,MIA,UTA,Delta Center
1/9/2025,10:30p,CHO,LAL,Crypto.com Arena
1/10/2025,7:00p,GSW,IND,Gainbridge Fieldhouse
1/10/2025,7:00p,MIL,ORL,Kia Center
1/10/2025,7:00p,NOP,PHI,Wells Fargo Center
1/10/2025,7:30p,SAC,BOS,TD Garden
1/10/2025,7:30p,OKC,NYK,Madison Square Garden (IV)
1/10/2025,8:00p,WAS,CHI,United Center
1/10/2025,9:00p,BRK,DEN,Ball Arena
1/11/2025,3:00p,HOU,ATL,State Farm Arena
1/11/2025,5:00p,UTA,PHO,Footprint Center
1/11/2025,7:00p,TOR,DET,Little Caesars Arena
1/11/2025,8:00p,MEM,MIN,Target Center
1/11/2025,10:00p,MIA,POR,Moda Center
1/11/2025,10:30p,CHO,LAC,Intuit Dome
1/11/2025,10:30p,SAS,LAL,Crypto.com Arena
1/12/2025,3:00p,DEN,DAL,American Airlines Center
1/12/2025,3:00p,MIL,NYK,Madison Square Garden (IV)
1/12/2025,3:30p,SAC,CHI,United Center
1/12/2025,6:00p,NOP,BOS,TD Garden
1/12/2025,6:00p,IND,CLE,Rocket Mortgage Fieldhouse
1/12/2025,6:00p,PHI,ORL,Kia Center
1/12/2025,6:00p,OKC,WAS,Capital One Arena
1/12/2025,8:00p,BRK,UTA,Delta Center
1/12/2025,9:00p,CHO,PHO,Footprint Center
1/13/2025,7:00p,MIN,WAS,Capital One Arena
1/13/2025,7:30p,DET,NYK,Madison Square Garden (IV)
1/13/2025,7:30p,GSW,TOR,Scotiabank Arena
1/13/2025,8:00p,MEM,HOU,Toyota Center
1/13/2025,10:30p,MIA,LAC,Intuit Dome
1/13/2025,10:30p,SAS,LAL,Crypto.com Arena
1/14/2025,7:00p,CLE,IND,Gainbridge Fieldhouse
1/14/2025,7:00p,OKC,PHI,Wells Fargo Center
1/14/2025,7:30p,PHO,ATL,State Farm Arena
1/14/2025,8:00p,NOP,CHI,United Center
1/14/2025,8:00p,SAC,MIL,Fiserv Forum
1/14/2025,9:30p,DEN,DAL,American Airlines Center
1/14/2025,10:00p,BRK,POR,Moda Center
1/15/2025,7:30p,NYK,PHI,Wells Fargo Center
1/15/2025,7:30p,BOS,TOR,Scotiabank Arena
1/15/2025,8:00p,ATL,CHI,United Center
1/15/2025,8:00p,ORL,MIL,Fiserv Forum
1/15/2025,8:00p,GSW,MIN,Target Center
1/15/2025,8:00p,DAL,NOP,Smoothie King Center
1/15/2025,8:00p,MEM,SAS,Frost Bank Center
1/15/2025,9:00p,HOU,DEN,Ball Arena
1/15/2025,9:00p,CHO,UTA,Delta Center
1/15/2025,10:00p,MIA,LAL,Crypto.com Arena
1/15/2025,10:30p,BRK,LAC,Intuit Dome
1/16/2025,7:00p,IND,DET,Little Caesars Arena
1/16/2025,7:30p,PHO,WAS,Capital One Arena
1/16/2025,8:00p,CLE,OKC,Paycom Center
1/16/2025,10:00p,LAC,POR,Moda Center
1/16/2025,10:00p,HOU,SAC,Golden 1 Center
1/17/2025,7:00p,ORL,BOS,TD Garden
1/17/2025,7:30p,MIN,NYK,Madison Square Garden (IV)
1/17/2025,8:00p,DEN,MIA,Kaseya Center
1/17/2025,8:00p,TOR,MIL,Fiserv Forum
1/17/2025,8:00p,UTA,NOP,Smoothie King Center
1/17/2025,8:00p,MEM,SAS,Frost Bank Center
1/17/2025,8:30p,OKC,DAL,American Airlines Center
1/17/2025,9:30p,CHO,CHI,United Center
1/17/2025,10:30p,BRK,LAL,Crypto.com Arena
1/18/2025,5:00p,PHO,DET,Little Caesars Arena
1/18/2025,7:00p,ATL,BOS,TD Garden
1/18/2025,7:00p,PHI,IND,Gainbridge Fieldhouse
1/18/2025,8:30p,WAS,GSW,Chase Center
1/18/2025,9:00p,CLE,MIN,Target Center
1/18/2025,10:00p,HOU,POR,Moda Center
1/19/2025,3:00p,SAS,MIA,Kaseya Center
1/19/2025,6:00p,DEN,ORL,Kia Center
1/19/2025,7:00p,PHI,MIL,Fiserv Forum
1/19/2025,7:00p,BRK,OKC,Paycom Center
1/19/2025,9:00p,LAL,LAC,Intuit Dome
1/19/2025,9:00p,CHI,POR,Moda Center
1/19/2025,9:00p,WAS,SAC,Golden 1 Center
1/20/2025,12:00p,DAL,CHO,Spectrum Center
1/20/2025,2:00p,DET,HOU,Toyota Center
1/20/2025,2:30p,MIN,MEM,FedEx Forum
1/20/2025,3:00p,ATL,NYK,Madison Square Garden (IV)
1/20/2025,3:30p,PHO,CLE,Rocket Mortgage Fieldhouse
1/20/2025,5:00p,BOS,GSW,Chase Center
1/20/2025,8:00p,UTA,NOP,Smoothie King Center
1/21/2025,7:30p,NYK,BRK,Barclays Center
1/21/2025,7:30p,POR,MIA,Kaseya Center
1/21/2025,7:30p,ORL,TOR,Scotiabank Arena
1/21/2025,10:00p,PHI,DEN,Ball Arena
1/21/2025,10:30p,CHI,LAC,Intuit Dome
1/21/2025,10:30p,WAS,LAL,Crypto.com Arena
1/22/2025,7:30p,DET,ATL,State Farm Arena
1/22/2025,7:30p,PHO,BRK,Barclays Center
1/22/2025,7:30p,MIN,DAL,American Airlines Center
1/22/2025,8:00p,CLE,HOU,Toyota Center
1/22/2025,8:00p,CHO,MEM,FedEx Forum
1/22/2025,8:00p,MIL,NOP,Smoothie King Center
1/22/2025,8:00p,UTA,OKC,Paycom Center
1/22/2025,10:00p,GSW,SAC,Golden 1 Center
1/22/2025,10:30p,BOS,LAC,Intuit Dome
1/23/2025,2:00p,SAS,IND,AccorHotels Arena
1/23/2025,7:00p,POR,ORL,Kia Center
1/23/2025,7:30p,TOR,ATL,State Farm Arena
1/23/2025,7:30p,MIA,MIL,Fiserv Forum
1/23/2025,8:00p,DAL,OKC,Paycom Center
1/23/2025,9:00p,SAC,DEN,Ball Arena
1/23/2025,9:00p,WAS,UTA,Delta Center
1/23/2025,10:00p,CHI,GSW,Chase Center
1/23/2025,10:00p,BOS,LAL,Crypto.com Arena
1/24/2025,7:00p,POR,CHO,Spectrum Center
1/24/2025,7:00p,CLE,PHI,Wells Fargo Center
1/24/2025,8:00p,NOP,MEM,FedEx Forum
1/25/2025,12:00p,IND,SAS,AccorHotels Arena
1/25/2025,3:00p,DEN,MIN,Target Center
1/25/2025,5:30p,BOS,DAL,American Airlines Center
1/25/2025,6:00p,MIA,BRK,Barclays Center
1/25/2025,7:00p,NOP,CHO,Spectrum Center
1/25/2025,7:00p,DET,ORL,Kia Center
1/25/2025,7:30p,TOR,ATL,State Farm Arena
1/25/2025,7:30p,HOU,CLE,Rocket Mortgage Fieldhouse
1/25/2025,7:30p,SAC,NYK,Madison Square Garden (IV)
1/25/2025,8:00p,PHI,CHI,United Center
1/25/2025,8:00p,UTA,MEM,FedEx Forum
1/25/2025,8:30p,LAL,GSW,Chase Center
1/25/2025,9:00p,WAS,PHO,Footprint Center
1/25/2025,10:30p,MIL,LAC,Intuit Dome
1/26/2025,6:00p,OKC,POR,Moda Center
1/27/2025,7:00p,LAL,CHO,Spectrum Center
1/27/2025,7:00p,DET,CLE,Rocket Mortgage Fieldhouse
1/27/2025,7:30p,HOU,BOS,TD Garden
1/27/2025,7:30p,SAC,BRK,Barclays Center
1/27/2025,7:30p,ORL,MIA,Kaseya Center
1/27/2025,7:30p,MEM,NYK,Madison Square Garden (IV)
1/27/2025,7:30p,NOP,TOR,Scotiabank Arena
1/27/2025,8:00p,DEN,CHI,United Center
1/27/2025,8:00p,ATL,MIN,Target Center
1/27/2025,8:30p,WAS,DAL,American Airlines Center
1/27/2025,9:00p,MIL,UTA,Delta Center
1/27/2025,9:30p,LAC,PHO,Footprint Center
1/28/2025,7:30p,LAL,PHI,Wells Fargo Center
1/28/2025,10:00p,UTA,GSW,Chase Center
1/28/2025,10:00p,MIL,POR,Moda Center
1/29/2025,7:00p,BRK,CHO,Spectrum Center
1/29/2025,7:00p,DET,IND,Gainbridge Fieldhouse
1/29/2025,7:00p,TOR,WAS,Capital One Arena
1/29/2025,7:30p,CHI,BOS,TD Garden
1/29/2025,7:30p,CLE,MIA,Kaseya Center
1/29/2025,7:30p,DEN,NYK,Madison Square Garden (IV)
1/29/2025,7:30p,SAC,PHI,Wells Fargo Center
1/29/2025,8:00p,DAL,NOP,Smoothie King Center
1/29/2025,8:00p,LAC,SAS,Frost Bank Center
1/29/2025,9:00p,MIN,PHO,Footprint Center
1/29/2025,10:00p,OKC,GSW,Chase Center
1/30/2025,7:00p,LAL,WAS,Capital One Arena
1/30/2025,7:30p,ATL,CLE,Rocket Mortgage Fieldhouse
1/30/2025,7:30p,HOU,MEM,FedEx Forum
1/30/2025,10:00p,ORL,POR,Moda Center
1/30/2025,10:00p,MIN,UTA,Delta Center
1/31/2025,7:00p,LAC,CHO,Spectrum Center
1/31/2025,7:00p,DAL,DET,Little Caesars Arena
1/31/2025,7:30p,DEN,PHI,Wells Fargo Center
1/31/2025,7:30p,CHI,TOR,Scotiabank Arena
1/31/2025,8:00p,BOS,NOP,Smoothie King Center
1/31/2025,8:00p,MIL,SAS,Frost Bank Center
1/31/2025,10:00p,PHO,GSW,Chase Center
2/1/2025,5:00p,ATL,IND,Gainbridge Fieldhouse
2/1/2025,5:00p,ORL,UTA,Delta Center
2/1/2025,7:00p,DEN,CHO,Spectrum Center
2/1/2025,8:00p,BRK,HOU,Toyota Center
2/1/2025,8:00p,WAS,MIN,Target Center
2/1/2025,8:00p,SAC,OKC,Paycom Center
2/1/2025,8:30p,LAL,NYK,Madison Square Garden (IV)
2/1/2025,8:30p,MIA,SAS,Frost Bank Center
2/1/2025,10:00p,PHO,POR,Moda Center
2/2/2025,3:00p,CHI,DET,Little Caesars Arena
2/2/2025,3:30p,DAL,CLE,Rocket Mortgage Fieldhouse
2/2/2025,3:30p,LAC,TOR,Scotiabank Arena
2/2/2025,6:00p,BOS,PHI,Wells Fargo Center
2/2/2025,8:30p,MEM,MIL,Fiserv Forum
2/3/2025,7:00p,WAS,CHO,Spectrum Center
2/3/2025,7:00p,ATL,DET,Little Caesars Arena
2/3/2025,7:30p,HOU,NYK,Madison Square Garden (IV)
2/3/2025,8:00p,SAS,MEM,FedEx Forum
2/3/2025,8:00p,SAC,MIN,Target Center
2/3/2025,8:00p,MIL,OKC,Paycom Center
2/3/2025,9:00p,NOP,DEN,Ball Arena
2/3/2025,9:00p,IND,UTA,Delta Center
2/3/2025,10:00p,ORL,GSW,Chase Center
2/3/2025,10:00p,PHO,POR,Moda Center
2/4/2025,7:00p,BOS,CLE,Rocket Mortgage Fieldhouse
2/4/2025,7:30p,HOU,BRK,Barclays Center
2/4/2025,7:30p,DAL,PHI,Wells Fargo Center
2/4/2025,7:30p,NYK,TOR,Scotiabank Arena
2/4/2025,8:00p,MIA,CHI,United Center
2/4/2025,10:00p,LAL,LAC,Intuit Dome
2/4/2025,10:00p,IND,POR,Moda Center
2/5/2025,7:00p,MIL,CHO,Spectrum Center
2/5/2025,7:00p,CLE,DET,Little Caesars Arena
2/5/2025,7:30p,SAS,ATL,State Farm Arena
2/5/2025,7:30p,WAS,BRK,Barclays Center
2/5/2025,7:30p,MIA,PHI,Wells Fargo Center
2/5/2025,7:30p,MEM,TOR,Scotiabank Arena
2/5/2025,8:00p,CHI,MIN,Target Center
2/5/2025,8:00p,PHO,OKC,Paycom Center
2/5/2025,9:00p,GSW,UTA,Delta Center
2/5/2025,10:00p,NOP,DEN,Ball Arena
2/5/2025,10:00p,ORL,SAC,Golden 1 Center
2/6/2025,7:30p,DAL,BOS,TD Garden
2/6/2025,8:00p,HOU,MIN,Target Center
2/6/2025,9:00p,ORL,DEN,Ball Arena
2/6/2025,10:00p,GSW,LAL,Crypto.com Arena
2/6/2025,10:00p,SAC,POR,Moda Center
2/6/2025,10:30p,IND,LAC,Intuit Dome
2/7/2025,7:00p,SAS,CHO,Spectrum Center
2/7/2025,7:00p,CLE,WAS,Capital One Arena
2/7/2025,7:30p,MIL,ATL,State Farm Arena
2/7/2025,7:30p,MIA,BRK,Barclays Center
2/7/2025,7:30p,PHI,DET,Little Caesars Arena
2/7/2025,8:00p,TOR,OKC,Paycom Center
2/7/2025,10:00p,UTA,PHO,Footprint Center
2/8/2025,3:00p,HOU,DAL,American Airlines Center
2/8/2025,4:00p,IND,LAL,Crypto.com Arena
2/8/2025,7:00p,SAS,ORL,Kia Center
2/8/2025,7:00p,ATL,WAS,Capital One Arena
2/8/2025,8:00p,GSW,CHI,United Center
2/8/2025,8:00p,OKC,MEM,FedEx Forum
2/8/2025,8:00p,POR,MIN,Target Center
2/8/2025,8:30p,BOS,NYK,Madison Square Garden (IV)
2/8/2025,9:00p,DEN,PHO,Footprint Center
2/8/2025,10:00p,NOP,SAC,Golden 1 Center
2/8/2025,10:30p,UTA,LAC,Intuit Dome
2/9/2025,1:00p,CHO,DET,Little Caesars Arena
2/9/2025,2:00p,TOR,HOU,Toyota Center
2/9/2025,2:00p,PHI,MIL,Fiserv Forum
2/10/2025,7:00p,MIN,CLE,Rocket Mortgage Fieldhouse
2/10/2025,7:00p,ATL,ORL,Kia Center
2/10/2025,7:00p,SAS,WAS,Capital One Arena
2/10/2025,7:30p,CHO,BRK,Barclays Center
2/10/2025,7:30p,BOS,MIA,Kaseya Center
2/10/2025,8:00p,GSW,MIL,Fiserv Forum
2/10/2025,8:00p,NOP,OKC,Paycom Center
2/10/2025,8:30p,SAC,DAL,American Airlines Center
2/10/2025,9:00p,POR,DEN,Ball Arena
2/11/2025,7:00p,TOR,PHI,Wells Fargo Center
2/11/2025,7:30p,NYK,IND,Gainbridge Fieldhouse
2/11/2025,8:00p,DET,CHI,United Center
2/11/2025,10:00p,MEM,PHO,Footprint Center
2/11/2025,10:30p,UTA,LAL,Crypto.com Arena
2/12/2025,7:00p,SAS,BOS,TD Garden
2/12/2025,7:00p,CHO,ORL,Kia Center
2/12/2025,7:00p,IND,WAS,Capital One Arena
2/12/2025,7:30p,PHI,BRK,Barclays Center
2/12/2025,7:30p,ATL,NYK,Madison Square Garden (IV)
2/12/2025,7:30p,CLE,TOR,Scotiabank Arena
2/12/2025,8:00p,DET,CHI,United Center
2/12/2025,8:00p,MIL,MIN,Target Center
2/12/2025,8:00p,SAC,NOP,Smoothie King Center
2/12/2025,8:00p,MIA,OKC,Paycom Center
2/12/2025,8:30p,PHO,HOU,Toyota Center
2/12/2025,9:00p,POR,DEN,Ball Arena
2/12/2025,9:00p,LAL,UTA,Delta Center
2/12/2025,9:30p,GSW,DAL,American Airlines Center
2/12/2025,10:30p,MEM,LAC,Intuit Dome
2/13/2025,8:00p,GSW,HOU,Toyota Center
2/13/2025,8:00p,SAC,NOP,Smoothie King Center
2/13/2025,8:30p,MIA,DAL,American Airlines Center
2/13/2025,8:30p,OKC,MIN,Target Center
2/20/2025,7:00p,MEM,IND,Gainbridge Fieldhouse
2/20/2025,7:00p,BOS,PHI,Wells Fargo Center
2/20/2025,7:30p,ORL,ATL,State Farm Arena
2/20/2025,7:30p,CLE,BRK,Barclays Center
2/20/2025,7:30p,CHI,NYK,Madison Square Garden (IV)
2/20/2025,8:00p,LAC,MIL,Fiserv Forum
2/20/2025,9:00p,CHO,DEN,Ball Arena
2/20/2025,9:30p,PHO,SAS,Moody Center
2/20/2025,10:00p,LAL,POR,Moda Center
2/21/2025,7:00p,NYK,CLE,Rocket Mortgage Fieldhouse
2/21/2025,7:00p,MEM,ORL,Kia Center
2/21/2025,7:00p,MIL,WAS,Capital One Arena
2/21/2025,7:30p,MIA,TOR,Scotiabank Arena
2/21/2025,8:00p,MIN,HOU,Toyota Center
2/21/2025,8:30p,DET,SAS,Moody Center
2/21/2025,9:30p,NOP,DAL,American Airlines Center
2/21/2025,9:30p,OKC,UTA,Delta Center
2/21/2025,10:00p,GSW,SAC,Golden 1 Center
2/22/2025,5:00p,PHO,CHI,United Center
2/22/2025,7:30p,BRK,PHI,Wells Fargo Center
2/22/2025,8:30p,LAL,DEN,Ball Arena
2/22/2025,9:30p,HOU,UTA,Delta Center
2/22/2025,10:00p,CHO,POR,Moda Center
2/23/2025,1:00p,NYK,BOS,TD Garden
2/23/2025,3:30p,DAL,GSW,Chase Center
2/23/2025,5:00p,LAC,IND,Gainbridge Fieldhouse
2/23/2025,6:00p,DET,ATL,State Farm Arena
2/23/2025,6:00p,WAS,ORL,Kia Center
2/23/2025,6:00p,PHO,TOR,Scotiabank Arena
2/23/2025,7:00p,MIA,MIL,Fiserv Forum
2/23/2025,7:00p,SAS,NOP,Smoothie King Center
2/23/2025,7:30p,MEM,CLE,Rocket Mortgage Fieldhouse
2/23/2025,9:30p,OKC,MIN,Target Center
2/24/2025,7:00p,LAC,DET,Little Caesars Arena
2/24/2025,7:00p,DEN,IND,Gainbridge Fieldhouse
2/24/2025,7:00p,CHI,PHI,Wells Fargo Center
2/24/2025,7:00p,BRK,WAS,Capital One Arena
2/24/2025,7:30p,MIA,ATL,State Farm Arena
2/24/2025,8:00p,MIN,OKC,Paycom Center
2/24/2025,9:00p,POR,UTA,Delta Center
2/24/2025,10:00p,CHO,SAC,Golden 1 Center
2/25/2025,7:00p,BOS,TOR,Scotiabank Arena
2/25/2025,7:30p,CLE,ORL,Kia Center
2/25/2025,8:00p,MIL,HOU,Toyota Center
2/25/2025,8:00p,PHO,MEM,FedEx Forum
2/25/2025,8:00p,SAS,NOP,Smoothie King Center
2/25/2025,10:00p,CHO,GSW,Chase Center
2/25/2025,10:00p,DAL,LAL,Crypto.com Arena
2/26/2025,7:00p,BOS,DET,Little Caesars Arena
2/26/2025,7:00p,TOR,IND,Gainbridge Fieldhouse
2/26/2025,7:00p,PHI,NYK,Madison Square Garden (IV)
2/26/2025,7:00p,POR,WAS,Capital One Arena
2/26/2025,7:30p,OKC,BRK,Barclays Center
2/26/2025,7:30p,ATL,MIA,Kaseya Center
2/26/2025,8:00p,LAC,CHI,United Center
2/26/2025,9:00p,SAC,UTA,Delta Center
2/26/2025,9:30p,SAS,HOU,Toyota Center
2/27/2025,7:00p,GSW,ORL,Kia Center
2/27/2025,7:30p,DEN,MIL,Fiserv Forum
2/27/2025,8:30p,CHO,DAL,American Airlines Center
2/27/2025,10:00p,NOP,PHO,Footprint Center
2/27/2025,10:30p,MIN,LAL,Crypto.com Arena
2/28/2025,7:00p,DEN,DET,Little Caesars Arena
2/28/2025,7:30p,OKC,ATL,State Farm Arena
2/28/2025,7:30p,CLE,BOS,TD Garden
2/28/2025,7:30p,POR,BRK,Barclays Center
2/28/2025,8:00p,TOR,CHI,United Center
2/28/2025,8:00p,NYK,MEM,FedEx Forum
2/28/2025,8:00p,IND,MIA,Kaseya Center
2/28/2025,9:00p,NOP,PHO,Footprint Center
2/28/2025,9:30p,MIN,UTA,Delta Center
2/28/2025,10:00p,LAC,LAL,Crypto.com Arena
3/1/2025,6:00p,WAS,CHO,Spectrum Center
3/1/2025,7:00p,BRK,DET,Little Caesars Arena
3/1/2025,8:00p,SAC,HOU,Toyota Center
3/1/2025,8:00p,SAS,MEM,FedEx Forum
3/1/2025,8:30p,MIL,DAL,American Airlines Center
3/1/2025,8:30p,GSW,PHI,Wells Fargo Center
3/2/2025,1:00p,DEN,BOS,TD Garden
3/2/2025,3:30p,POR,CLE,Rocket Mortgage Fieldhouse
3/2/2025,5:00p,CHI,IND,Gainbridge Fieldhouse
3/2/2025,6:00p,NYK,MIA,Kaseya Center
3/2/2025,6:00p,TOR,ORL,Kia Center
3/2/2025,7:00p,OKC,SAS,Frost Bank Center
3/2/2025,8:00p,NOP,UTA,Delta Center
3/2/2025,9:30p,LAC,LAL,Crypto.com Arena
3/2/2025,9:30p,MIN,PHO,Footprint Center
3/3/2025,7:00p,GSW,CHO,Spectrum Center
3/3/2025,7:00p,POR,PHI,Wells Fargo Center
3/3/2025,7:30p,WAS,MIA,Kaseya Center
3/3/2025,8:00p,ATL,MEM,FedEx Forum
3/3/2025,8:00p,HOU,OKC,Paycom Center
3/3/2025,8:30p,SAC,DAL,American Airlines Center
3/3/2025,9:30p,DET,UTA,Delta Center
3/4/2025,7:00p,HOU,IND,Gainbridge Fieldhouse
3/4/2025,7:00p,TOR,ORL,Kia Center
3/4/2025,7:30p,MIL,ATL,State Farm Arena
3/4/2025,7:30p,GSW,NYK,Madison Square Garden (IV)
3/4/2025,8:00p,CLE,CHI,United Center
3/4/2025,8:00p,PHI,MIN,Target Center
3/4/2025,8:30p,BRK,SAS,Frost Bank Center
3/4/2025,10:00p,LAC,PHO,Footprint Center
3/4/2025,10:30p,NOP,LAL,Crypto.com Arena
3/5/2025,7:00p,POR,BOS,TD Garden
3/5/2025,7:00p,MIN,CHO,Spectrum Center
3/5/2025,7:00p,MIA,CLE,Rocket Mortgage Fieldhouse
3/5/2025,7:00p,UTA,WAS,Capital One Arena
3/5/2025,8:00p,OKC,MEM,FedEx Forum
3/5/2025,9:00p,SAC,DEN,Ball Arena
3/5/2025,9:30p,DAL,MIL,Fiserv Forum
3/5/2025,10:30p,DET,LAC,Intuit Dome
3/6/2025,7:30p,IND,ATL,State Farm Arena
3/6/2025,7:30p,PHI,BOS,TD Garden
3/6/2025,7:30p,GSW,BRK,Barclays Center
3/6/2025,8:00p,HOU,NOP,Smoothie King Center
3/6/2025,10:00p,NYK,LAL,Crypto.com Arena
3/7/2025,7:00p,CLE,CHO,Spectrum Center
3/7/2025,7:30p,MEM,DAL,American Airlines Center
3/7/2025,7:30p,UTA,TOR,Scotiabank Arena
3/7/2025,8:00p,MIN,MIA,Kaseya Center
3/7/2025,8:00p,POR,OKC,Paycom Center
3/7/2025,10:00p,PHO,DEN,Ball Arena
3/7/2025,10:00p,SAS,SAC,Golden 1 Center
3/7/2025,10:30p,NYK,LAC,Intuit Dome
3/8/2025,6:00p,BRK,CHO,Spectrum Center
3/8/2025,7:00p,NOP,HOU,Toyota Center
3/8/2025,7:30p,IND,ATL,State Farm Arena
3/8/2025,7:30p,WAS,TOR,Scotiabank Arena
3/8/2025,8:00p,CHI,MIA,Kaseya Center
3/8/2025,8:00p,ORL,MIL,Fiserv Forum
3/8/2025,8:30p,LAL,BOS,TD Garden
3/8/2025,8:30p,DET,GSW,Chase Center
3/9/2025,1:00p,DEN,OKC,Paycom Center
3/9/2025,3:30p,PHO,DAL,American Airlines Center
3/9/2025,7:00p,CLE,MIL,Fiserv Forum
3/9/2025,7:00p,MEM,NOP,Smoothie King Center
3/9/2025,7:30p,UTA,PHI,Wells Fargo Center
3/9/2025,8:00p,SAS,MIN,Target Center
3/9/2025,9:00p,DET,POR,Moda Center
3/9/2025,9:30p,SAC,LAC,Intuit Dome
3/10/2025,7:30p,PHI,ATL,State Farm Arena
3/10/2025,7:30p,UTA,BOS,TD Garden
3/10/2025,7:30p,LAL,BRK,Barclays Center
3/10/2025,7:30p,CHO,MIA,Kaseya Center
3/10/2025,7:30p,WAS,TOR,Scotiabank Arena
3/10/2025,8:00p,IND,CHI,United Center
3/10/2025,8:00p,ORL,HOU,Toyota Center
3/10/2025,8:00p,PHO,MEM,FedEx Forum
3/10/2025,8:00p,DEN,OKC,Paycom Center
3/10/2025,8:30p,DAL,SAS,Frost Bank Center
3/10/2025,10:00p,POR,GSW,Chase Center
3/10/2025,10:30p,NYK,SAC,Golden 1 Center
3/11/2025,7:00p,BRK,CLE,Rocket Mortgage Fieldhouse
3/11/2025,7:00p,WAS,DET,Little Caesars Arena
3/11/2025,7:00p,MIL,IND,Gainbridge Fieldhouse
3/11/2025,9:30p,LAC,NOP,Smoothie King Center
3/12/2025,7:00p,CHI,ORL,Kia Center
3/12/2025,7:30p,CHO,ATL,State Farm Arena
3/12/2025,7:30p,OKC,BOS,TD Garden
3/12/2025,7:30p,PHI,TOR,Scotiabank Arena
3/12/2025,8:00p,PHO,HOU,Toyota Center
3/12/2025,8:00p,UTA,MEM,FedEx Forum
3/12/2025,8:00p,LAC,MIA,Kaseya Center
3/12/2025,8:00p,DAL,SAS,Frost Bank Center
3/12/2025,10:00p,MIN,DEN,Ball Arena
3/12/2025,10:00p,NYK,POR,Moda Center
3/13/2025,7:00p,WAS,DET,Little Caesars Arena
3/13/2025,7:30p,LAL,MIL,Fiserv Forum
3/13/2025,8:00p,BRK,CHI,United Center
3/13/2025,10:00p,SAC,GSW,Chase Center
3/14/2025,7:00p,BOS,MIA,Kaseya Center
3/14/2025,7:00p,IND,PHI,Wells Fargo Center
3/14/2025,7:30p,LAC,ATL,State Farm Arena
3/14/2025,8:00p,DAL,HOU,Toyota Center
3/14/2025,8:00p,CLE,MEM,FedEx Forum
3/14/2025,8:00p,ORL,MIN,Target Center
3/14/2025,8:00p,CHO,SAS,Frost Bank Center
3/14/2025,9:30p,LAL,DEN,Ball Arena
3/14/2025,9:30p,TOR,UTA,Delta Center
3/14/2025,10:00p,SAC,PHO,Footprint Center
3/15/2025,6:00p,BOS,BRK,Barclays Center
3/15/2025,7:00p,OKC,DET,Little Caesars Arena
3/15/2025,8:00p,CHI,HOU,Toyota Center
3/15/2025,8:00p,MIA,MEM,FedEx Forum
3/15/2025,8:00p,IND,MIL,Fiserv Forum
3/15/2025,8:30p,NYK,GSW,Chase Center
3/15/2025,8:30p,NOP,SAS,Frost Bank Center
3/15/2025,9:00p,WAS,DEN,Ball Arena
3/16/2025,1:00p,PHI,DAL,American Airlines Center
3/16/2025,3:30p,PHO,LAL,Crypto.com Arena
3/16/2025,6:00p,ATL,BRK,Barclays Center
3/16/2025,6:00p,ORL,CLE,Rocket Mortgage Fieldhouse
3/16/2025,6:00p,TOR,POR,Moda Center
3/16/2025,7:00p,UTA,MIN,Target Center
3/16/2025,9:00p,OKC,MIL,Fiserv Forum
3/16/2025,10:00p,WAS,LAC,Intuit Dome
3/17/2025,7:30p,MIA,NYK,Madison Square Garden (IV)
3/17/2025,8:00p,PHI,HOU,Toyota Center
3/17/2025,8:00p,IND,MIN,Target Center
3/17/2025,8:00p,DET,NOP,Smoothie King Center
3/17/2025,8:00p,ORL,SAS,Frost Bank Center
3/17/2025,9:00p,CHI,UTA,Delta Center
3/17/2025,10:00p,DEN,GSW,Chase Center
3/17/2025,10:00p,TOR,PHO,Footprint Center
3/17/2025,10:00p,MEM,SAC,Golden 1 Center
3/18/2025,7:00p,ATL,CHO,Spectrum Center
3/18/2025,7:30p,BRK,BOS,TD Garden
3/18/2025,10:00p,WAS,POR,Moda Center
3/18/2025,10:30p,CLE,LAC,Intuit Dome
3/18/2025,10:30p,MIL,LAL,Crypto.com Arena
3/19/2025,7:00p,DAL,IND,Gainbridge Fieldhouse
3/19/2025,7:00p,HOU,ORL,Kia Center
3/19/2025,7:30p,DET,MIA,Kaseya Center
3/19/2025,7:30p,NOP,MIN,Target Center
3/19/2025,8:00p,PHI,OKC,Paycom Center
3/19/2025,8:00p,NYK,SAS,Frost Bank Center
3/19/2025,9:00p,LAC,UTA,Delta Center
3/19/2025,10:00p,TOR,GSW,Chase Center
3/19/2025,10:00p,DEN,LAL,Crypto.com Arena
3/19/2025,10:00p,CHI,PHO,Footprint Center
3/19/2025,10:00p,MEM,POR,Moda Center
3/19/2025,10:00p,CLE,SAC,Golden 1 Center
3/20/2025,7:00p,NYK,CHO,Spectrum Center
3/20/2025,7:00p,BRK,IND,Gainbridge Fieldhouse
3/20/2025,10:00p,MIL,GSW,Chase Center
3/20/2025,10:00p,CHI,SAC,Golden 1 Center
3/21/2025,7:00p,ORL,WAS,Capital One Arena
3/21/2025,8:00p,HOU,MIA,Kaseya Center
3/21/2025,8:00p,NOP,MIN,Target Center
3/21/2025,8:00p,CHO,OKC,Paycom Center
3/21/2025,8:00p,PHI,SAS,Frost Bank Center
3/21/2025,8:30p,DET,DAL,American Airlines Center
3/21/2025,9:30p,BOS,UTA,Delta Center
3/21/2025,10:00p,CLE,PHO,Footprint Center
3/21/2025,10:00p,DEN,POR,Moda Center
3/21/2025,10:30p,MEM,LAC,Intuit Dome
3/22/2025,5:00p,BRK,IND,Gainbridge Fieldhouse
3/22/2025,7:00p,GSW,ATL,State Farm Arena
3/22/2025,8:00p,WAS,NYK,Madison Square Garden (IV)
3/22/2025,10:00p,MIL,SAC,Golden 1 Center
3/22/2025,10:30p,CHI,LAL,Crypto.com Arena
3/23/2025,3:00p,NOP,DET,Little Caesars Arena
3/23/2025,3:30p,CLE,UTA,Delta Center
3/23/2025,6:00p,PHI,ATL,State Farm Arena
3/23/2025,6:00p,CHO,MIA,Kaseya Center
3/23/2025,6:00p,BOS,POR,Moda Center
3/23/2025,6:00p,SAS,TOR,Scotiabank Arena
3/23/2025,7:00p,DEN,HOU,Toyota Center
3/23/2025,9:00p,OKC,LAC,Intuit Dome
3/24/2025,7:00p,MIN,IND,Gainbridge Fieldhouse
3/24/2025,7:00p,LAL,ORL,Kia Center
3/24/2025,7:00p,TOR,WAS,Capital One Arena
3/24/2025,7:30p,DAL,BRK,Barclays Center
3/24/2025,8:00p,PHI,NOP,Smoothie King Center
3/24/2025,9:00p,CHI,DEN,Ball Arena
3/24/2025,10:00p,MIL,PHO,Footprint Center
3/24/2025,10:00p,BOS,SAC,Golden 1 Center
3/25/2025,7:00p,ORL,CHO,Spectrum Center
3/25/2025,7:00p,SAS,DET,Little Caesars Arena
3/25/2025,7:30p,GSW,MIA,Kaseya Center
3/25/2025,7:30p,DAL,NYK,Madison Square Garden (IV)
3/25/2025,8:00p,ATL,HOU,Toyota Center
3/25/2025,9:00p,MEM,UTA,Delta Center
3/25/2025,10:00p,CLE,POR,Moda Center
3/25/2025,10:00p,OKC,SAC,Golden 1 Center
3/26/2025,7:00p,WAS,PHI,Wells Fargo Center
3/26/2025,7:30p,TOR,BRK,Barclays Center
3/26/2025,7:30p,LAL,IND,Gainbridge Fieldhouse
3/26/2025,7:30p,LAC,NYK,Madison Square Garden (IV)
3/26/2025,9:00p,MIL,DEN,Ball Arena
3/26/2025,10:00p,BOS,PHO,Footprint Center
3/27/2025,7:00p,SAS,CLE,Rocket Mortgage Fieldhouse
3/27/2025,7:00p,DAL,ORL,Kia Center
3/27/2025,7:00p,IND,WAS,Capital One Arena
3/27/2025,7:30p,ATL,MIA,Kaseya Center
3/27/2025,8:00p,LAL,CHI,United Center
3/27/2025,8:00p,MEM,OKC,Paycom Center
3/27/2025,9:00p,HOU,UTA,Delta Center
3/27/2025,10:00p,POR,SAC,Golden 1 Center
3/28/2025,7:00p,CLE,DET,Little Caesars Arena
3/28/2025,7:30p,LAC,BRK,Barclays Center
3/28/2025,7:30p,CHO,TOR,Scotiabank Arena
3/28/2025,8:00p,NYK,MIL,Fiserv Forum
3/28/2025,8:00p,PHO,MIN,Target Center
3/28/2025,8:00p,GSW,NOP,Smoothie King Center
3/28/2025,9:00p,UTA,DEN,Ball Arena
3/29/2025,5:00p,SAC,ORL,Kia Center
3/29/2025,7:00p,BRK,WAS,Capital One Arena
3/29/2025,7:30p,MIA,PHI,Wells Fargo Center
3/29/2025,8:00p,DAL,CHI,United Center
3/29/2025,8:00p,LAL,MEM,FedEx Forum
3/29/2025,8:00p,IND,OKC,Paycom Center
3/29/2025,8:00p,BOS,SAS,Frost Bank Center
3/30/2025,3:30p,LAC,CLE,Rocket Mortgage Fieldhouse
3/30/2025,6:00p,POR,NYK,Madison Square Garden (IV)
3/30/2025,7:00p,ATL,MIL,Fiserv Forum
3/30/2025,7:00p,DET,MIN,Target Center
3/30/2025,7:00p,CHO,NOP,Smoothie King Center
3/30/2025,7:00p,GSW,SAS,Frost Bank Center
3/30/2025,7:30p,TOR,PHI,Wells Fargo Center
3/30/2025,9:00p,HOU,PHO,Footprint Center
3/31/2025,7:00p,UTA,CHO,Spectrum Center
3/31/2025,7:00p,SAC,IND,Gainbridge Fieldhouse
3/31/2025,7:00p,LAC,ORL,Kia Center
3/31/2025,7:00p,MIA,WAS,Capital One Arena
3/31/2025,8:00p,BOS,MEM,FedEx Forum
3/31/2025,8:00p,CHI,OKC,Paycom Center
3/31/2025,8:30p,BRK,DAL,American Airlines Center
3/31/2025,10:30p,HOU,LAL,Crypto.com Arena
4/1/2025,7:30p,POR,ATL,State Farm Arena
4/1/2025,7:30p,PHI,NYK,Madison Square Garden (IV)
4/1/2025,8:00p,TOR,CHI,United Center
4/1/2025,8:00p,GSW,MEM,FedEx Forum
4/1/2025,8:00p,PHO,MIL,Fiserv Forum
4/1/2025,10:00p,MIN,DEN,Ball Arena
4/2/2025,7:00p,NYK,CLE,Rocket Mortgage Fieldhouse
4/2/2025,7:00p,CHO,IND,Gainbridge Fieldhouse
4/2/2025,7:00p,SAC,WAS,Capital One Arena
4/2/2025,7:30p,MIA,BOS,TD Garden
4/2/2025,8:00p,UTA,HOU,Toyota Center
4/2/2025,8:00p,DET,OKC,Paycom Center
4/2/2025,8:30p,ATL,DAL,American Airlines Center
4/2/2025,9:00p,SAS,DEN,Ball Arena
4/2/2025,10:00p,NOP,LAC,Intuit Dome
4/3/2025,7:00p,ORL,WAS,Capital One Arena
4/3/2025,7:30p,MIN,BRK,Barclays Center
4/3/2025,7:30p,MEM,MIA,Kaseya Center
4/3/2025,7:30p,MIL,PHI,Wells Fargo Center
4/3/2025,7:30p,POR,TOR,Scotiabank Arena
4/3/2025,10:00p,GSW,LAL,Crypto.com Arena
4/4/2025,7:00p,SAC,CHO,Spectrum Center
4/4/2025,7:00p,UTA,IND,Gainbridge Fieldhouse
4/4/2025,7:30p,PHO,BOS,TD Garden
4/4/2025,7:30p,DET,TOR,Scotiabank Arena
4/4/2025,8:00p,POR,CHI,United Center
4/4/2025,8:00p,OKC,HOU,Toyota Center
4/4/2025,8:00p,CLE,SAS,Frost Bank Center
4/4/2025,10:00p,DEN,GSW,Chase Center
4/4/2025,10:30p,DAL,LAC,Intuit Dome
4/4/2025,10:30p,NOP,LAL,Crypto.com Arena
4/5/2025,3:00p,NYK,ATL,State Farm Arena
4/5/2025,7:00p,MEM,DET,Little Caesars Arena
4/5/2025,7:00p,MIN,PHI,Wells Fargo Center
4/5/2025,8:00p,MIL,MIA,Kaseya Center
4/5/2025,10:30p,DAL,LAC,Intuit Dome
4/6/2025,1:00p,CHI,CHO,Spectrum Center
4/6/2025,3:30p,TOR,BRK,Barclays Center
4/6/2025,3:30p,LAL,OKC,Paycom Center
4/6/2025,6:00p,UTA,ATL,State Farm Arena
4/6/2025,6:00p,WAS,BOS,TD Garden
4/6/2025,6:00p,SAC,CLE,Rocket Mortgage Fieldhouse
4/6/2025,6:00p,SAS,POR,Moda Center
4/6/2025,7:00p,ORL,NOP,Smoothie King Center
4/6/2025,7:00p,PHO,NYK,Madison Square Garden (IV)
4/6/2025,8:00p,IND,DEN,Ball Arena
4/6/2025,8:30p,HOU,GSW,Chase Center
4/7/2025,7:00p,SAC,DET,Little Caesars Arena
4/7/2025,7:30p,PHI,MIA,Kaseya Center
4/8/2025,7:00p,MEM,CHO,Spectrum Center
4/8/2025,7:00p,CHI,CLE,Rocket Mortgage Fieldhouse
4/8/2025,7:00p,WAS,IND,Gainbridge Fieldhouse
4/8/2025,7:00p,ATL,ORL,Kia Center
4/8/2025,7:30p,NOP,BRK,Barclays Center
4/8/2025,7:30p,BOS,NYK,Madison Square Garden (IV)
4/8/2025,8:00p,MIN,MIL,Fiserv Forum
4/8/2025,8:00p,LAL,OKC,Paycom Center
4/8/2025,10:00p,GSW,PHO,Footprint Center
4/8/2025,10:30p,SAS,LAC,Intuit Dome
4/9/2025,7:00p,BOS,ORL,Kia Center
4/9/2025,7:00p,PHI,WAS,Capital One Arena
4/9/2025,7:30p,LAL,DAL,American Airlines Center
4/9/2025,7:30p,CHO,TOR,Scotiabank Arena
4/9/2025,8:00p,MIA,CHI,United Center
4/9/2025,8:00p,NOP,MIL,Fiserv Forum
4/9/2025,9:00p,POR,UTA,Delta Center
4/9/2025,10:00p,SAS,GSW,Chase Center
4/9/2025,10:00p,OKC,PHO,Footprint Center
4/9/2025,10:00p,DEN,SAC,Golden 1 Center
4/9/2025,10:30p,HOU,LAC,Intuit Dome
4/10/2025,7:00p,NYK,DET,Little Caesars Arena
4/10/2025,7:00p,CLE,IND,Gainbridge Fieldhouse
4/10/2025,7:30p,ATL,BRK,Barclays Center
4/10/2025,9:30p,MIN,MEM,FedEx Forum
4/11/2025,7:00p,MIL,DET,Little Caesars Arena
4/11/2025,7:00p,ORL,IND,Gainbridge Fieldhouse
4/11/2025,7:00p,ATL,PHI,Wells Fargo Center
4/11/2025,7:30p,CHO,BOS,TD Garden
4/11/2025,7:30p,CLE,NYK,Madison Square Garden (IV)
4/11/2025,8:00p,WAS,CHI,United Center
4/11/2025,8:00p,MIA,NOP,Smoothie King Center
4/11/2025,8:30p,TOR,DAL,American Airlines Center
4/11/2025,9:00p,MEM,DEN,Ball Arena
4/11/2025,9:00p,BRK,MIN,Target Center
4/11/2025,9:30p,OKC,UTA,Delta Center
4/11/2025,10:00p,SAS,PHO,Footprint Center
4/11/2025,10:00p,GSW,POR,Moda Center
4/11/2025,10:00p,LAC,SAC,Golden 1 Center
4/11/2025,10:30p,HOU,LAL,Crypto.com Arena
4/13/2025,1:00p,ORL,ATL,State Farm Arena
4/13/2025,1:00p,CHO,BOS,TD Garden
4/13/2025,1:00p,NYK,BRK,Barclays Center
4/13/2025,1:00p,IND,CLE,Rocket Mortgage Fieldhouse
4/13/2025,1:00p,WAS,MIA,Kaseya Center
4/13/2025,1:00p,DET,MIL,Fiserv Forum
4/13/2025,1:00p,CHI,PHI,Wells Fargo Center
4/13/2025,3:30p,LAC,GSW,Chase Center
4/13/2025,3:30p,DEN,HOU,Toyota Center
4/13/2025,3:30p,DAL,MEM,FedEx Forum
4/13/2025,3:30p,UTA,MIN,Target Center
4/13/2025,3:30p,OKC,NOP,Smoothie King Center
4/13/2025,3:30p,LAL,POR,Moda Center
4/13/2025,3:30p,PHO,SAC,Golden 1 Center
4/13/2025,3:30p,TOR,SAS,Frost Bank Center
